{
  "features": [
    "top3_prob",
    "win_prob",
    "recent_win_rate",
    "recent_top3_rate",
    "line_win_share",
    "line_top3_expectation",
    "line_ev_gap_vs_next",
    "line_size",
    "line_is_head",
    "line_count",
    "line_type_code",
    "phase_importance_coeff"
  ],
  "scaler": {
    "mean": [
      0.36286632431967636,
      0.10008616452716101,
      0.1502700298771759,
      0.43270022965322236,
      0.30332945205718465,
      1.0777006548175867,
      -0.12298035547240413,
      2.6679139382600563,
      0.40411599625818523,
      3.6024321796071095,
      0.8737137511693172,
      1.1092609915809168
    ],
    "scale": [
      0.2508419826718689,
      0.18218519408951822,
      0.11807893086575154,
      0.16182050851733235,
      0.15645470862447675,
      0.4238459776040065,
      0.27418545509602804,
      0.5970847857918169,
      0.4907201420631107,
      0.6371957362525504,
      0.26916938447333283,
      0.11819232548243422
    ]
  },
  "coefficients": [
    2.127743187948932,
    0.046172355221582514,
    -0.0021092345334821176,
    0.012171337914378869,
    0.024499548554871145,
    -0.06107601523317892,
    -0.07248799673531389,
    -0.22374846531025977,
    -0.17048831074546142,
    -0.00026747401773051104,
    0.0677566444041465,
    0.051794458714875785
  ],
  "intercept": -0.8304328021270216,
  "train_rows": 1069,
  "train_races": 120,
  "coverage_in_sample": 0.7322834645669292
}