{
  "features": [
    "top3_prob",
    "win_prob",
    "recent_win_rate",
    "recent_top3_rate",
    "recent_back_avg3",
    "line_win_share",
    "line_top3_expectation",
    "line_ev_gap_vs_next",
    "line_ev_rank",
    "line_size",
    "line_pos",
    "line_pos_ratio",
    "line_is_head",
    "line_tail_flag",
    "line_count",
    "line_type_code",
    "phase_importance_coeff",
    "comment_attack",
    "comment_support"
  ],
  "scaler": {
    "mean": [
      0.3986232328925794,
      0.12478908761989362,
      0.13048420483657888,
      0.40611733582724563,
      0.09098428453267163,
      0.3139158768048961,
      0.9403548387096773,
      -0.13782133995037218,
      2.240694789081886,
      2.5235732009925558,
      1.7617866004962779,
      0.7357320099255583,
      0.47146401985111663,
      0.47146401985111663,
      3.6699751861042182,
      0.93424317617866,
      1.1205955334987594,
      0.05459057071960298,
      0.23821339950372208
    ],
    "scale": [
      0.28052685871225735,
      0.22495193768305347,
      0.13369616830523487,
      0.18155123327453315,
      0.1978483558342571,
      0.2034891989099586,
      0.41608739495848257,
      0.29752278781910746,
      1.2499653647400675,
      0.849063203799388,
      0.8292594586412697,
      0.2729658868482726,
      0.4991850336668184,
      0.4991850336668183,
      1.2769251021519854,
      0.503110533437157,
      0.1487254124805823,
      0.22717931311655779,
      0.42599034707444033
    ]
  },
  "coefficients": [
    4.1434810741285855,
    0.38206631898522386,
    -0.062161142990508456,
    -0.5056592502567662,
    0.0999896852926263,
    -0.25598127176170843,
    -0.31516640156013703,
    0.06539200171225831,
    0.30725190444289807,
    0.6803605249019035,
    0.5877435235837664,
    -0.29533983829285043,
    0.49312760775292536,
    0.8651048135661817,
    0.160896910344065,
    0.1418640034987705,
    0.2997574302597441,
    -0.259165997247455,
    -0.07200584981575606
  ],
  "intercept": -0.5750732761003228,
  "train_rows": 403,
  "train_races": 51,
  "min_train_rows": 120,
  "max_train_rows": 400
}