{
  "features": [
    "top3_prob",
    "win_prob",
    "recent_win_rate",
    "recent_top3_rate",
    "line_win_share",
    "line_top3_expectation",
    "line_ev_gap_vs_next",
    "line_size",
    "line_is_head",
    "line_count",
    "line_type_code",
    "phase_importance_coeff"
  ],
  "scaler": {
    "mean": [
      0.4281376793464466,
      0.1367818105169579,
      0.1375030051427222,
      0.4284794319829598,
      0.3417912818490153,
      1.0082039170506913,
      -0.09463517665130569,
      2.4627496159754223,
      0.4592933947772657,
      3.3559907834101383,
      1.222926267281106,
      1.149020737327189
    ],
    "scale": [
      0.2789962114031127,
      0.22650323437216513,
      0.12090220707657122,
      0.17144710800349186,
      0.19558602689845814,
      0.43027305869461563,
      0.28921531068769907,
      0.7262329187030796,
      0.4983402174130043,
      0.8562135196975718,
      0.5423116100806893,
      0.17316073493421844
    ]
  },
  "coefficients": [
    4.334187431017834,
    0.008644768258282877,
    -0.09535628169260042,
    -0.755771741958618,
    -0.6368575221316479,
    0.3806370085330328,
    -0.018362950604075005,
    -0.14356685797916513,
    -0.12011684315419956,
    0.07051263476266187,
    -0.02706816995176967,
    0.05170051360537276
  ],
  "intercept": -0.4335208864802051,
  "train_rows": 2604,
  "train_races": 359
}