{
  "features": [
    "top3_prob",
    "win_prob",
    "recent_win_rate",
    "recent_top3_rate",
    "recent_back_avg3",
    "line_win_share",
    "line_top3_expectation",
    "line_ev_gap_vs_next",
    "line_ev_rank",
    "line_size",
    "line_pos",
    "line_pos_ratio",
    "line_is_head",
    "line_tail_flag",
    "line_count",
    "line_type_code",
    "phase_importance_coeff",
    "comment_attack",
    "comment_support"
  ],
  "scaler": {
    "mean": [
      0.42569940909637577,
      0.13393296610120453,
      0.1353287576204163,
      0.42305998448526105,
      0.09974214721050163,
      0.34304359881113605,
      1.007001406469761,
      -0.09296413502109704,
      2.0414908579465543,
      2.4848804500703237,
      1.7426160337552743,
      0.7279067041725269,
      0.45569620253164556,
      0.45569620253164556,
      3.3568917018284106,
      1.1923347398030941,
      1.1492616033755274,
      0.023206751054852322,
      0.1111111111111111
    ],
    "scale": [
      0.27622972593010353,
      0.2234346665452369,
      0.12192247056778437,
      0.1739760174853197,
      0.21273326534693426,
      0.19853180754317984,
      0.43915254502727064,
      0.28976183557857726,
      1.0200355883663388,
      0.7325921310207698,
      0.781194885360306,
      0.2693413856882062,
      0.49803330564318987,
      0.49803330564318987,
      0.843764862377653,
      0.5443718225608388,
      0.17359892157531603,
      0.15055961530347517,
      0.3142696805273545
    ]
  },
  "coefficients": [
    3.6373894615648497,
    0.13765497806802746,
    -0.09438466867576635,
    -0.2069861711686044,
    0.14406758431084168,
    -0.5478182433063882,
    -0.008068290439247505,
    0.05723443389465733,
    0.20528776413492053,
    0.3002711056275372,
    0.38864290001454227,
    -0.22772232530701952,
    0.33790024911383576,
    0.7382855702257826,
    -0.00027312194742644977,
    -0.03513197649918073,
    -0.012046744378106503,
    -0.09017206875733498,
    0.027013913885213594
  ],
  "intercept": -0.3778560829937529,
  "train_rows": 2844,
  "train_races": 389,
  "weighting": "age_weight 0.6-1.0 based on schedule_date"
}