{
  "features": [
    "top3_prob",
    "win_prob",
    "recent_win_rate",
    "recent_top3_rate",
    "recent_back_avg3",
    "line_win_share",
    "line_top3_expectation",
    "line_ev_gap_vs_next",
    "line_ev_rank",
    "line_size",
    "line_pos",
    "line_pos_ratio",
    "line_is_head",
    "line_tail_flag",
    "line_count",
    "line_type_code",
    "phase_importance_coeff",
    "comment_attack",
    "comment_support",
    "line_relative_share",
    "line_peer_top3_avg",
    "line_peer_recent_win_avg",
    "line_peer_count",
    "line_pressure_score"
  ],
  "scaler": {
    "mean": [
      0.38125215970963755,
      0.1172456104341476,
      0.12763216017640372,
      0.39296594455811257,
      0.08745247148288972,
      0.31278604903014795,
      0.9731901140684411,
      -0.11830798479087452,
      2.159695817490494,
      2.6806083650190113,
      1.8403041825095057,
      0.7091254752851711,
      0.41825095057034223,
      0.41825095057034223,
      3.494296577946768,
      0.8992395437262357,
      1.0956273764258557,
      0.049429657794676805,
      0.33079847908745247,
      0.6324525768122752,
      0.3499868007303944,
      0.1164626028311632,
      1.6806083650190113,
      0.197015264643968
    ],
    "scale": [
      0.2666505255649697,
      0.2114621723966442,
      0.1267723646618281,
      0.16295109643477698,
      0.19160379572035996,
      0.19287523459539505,
      0.4068234568868553,
      0.2656535527493174,
      1.0524148867175853,
      0.6731434196009642,
      0.8164021404929791,
      0.2736358721158344,
      0.49327182457276775,
      0.49327182457276775,
      0.8403816009619903,
      0.34376492934739794,
      0.1069357413901123,
      0.2167633888021175,
      0.4705006326466318,
      0.3549872833106284,
      0.23416212440586878,
      0.10004855474354919,
      0.6731434196009642,
      0.2294481171047734
    ]
  },
  "coefficients": [
    3.993384404860655,
    0.3192490101027768,
    -0.25537130243251094,
    -0.40840872494141633,
    0.29154172716721266,
    0.20666973488578855,
    -0.35207235160372985,
    -0.000660788221416088,
    0.41192586131087866,
    0.4016199985853959,
    0.23055986378268364,
    0.011994557720721694,
    0.6487268389457393,
    0.4656926758484692,
    0.19259569767006846,
    0.5861297395691676,
    0.30065027450660936,
    -0.15335519057806793,
    -0.3828802585059627,
    0.3659217377757179,
    0.18369804198313583,
    -0.19534351153845148,
    0.4016199985853959,
    -0.8287819867217211
  ],
  "intercept": -0.8633482004525581,
  "train_rows": 526,
  "train_races": 31,
  "min_train_rows": 220,
  "max_train_rows": 520
}