{
  "features": [
    "top3_prob",
    "win_prob",
    "recent_win_rate",
    "recent_top3_rate",
    "recent_back_avg3",
    "line_win_share",
    "line_top3_expectation",
    "line_ev_gap_vs_next",
    "line_ev_rank",
    "line_size",
    "line_pos",
    "line_pos_ratio",
    "line_is_head",
    "line_tail_flag",
    "line_count",
    "line_type_code",
    "phase_importance_coeff",
    "comment_attack",
    "comment_support",
    "line_relative_share",
    "line_peer_top3_avg",
    "line_peer_recent_win_avg",
    "line_peer_count",
    "line_pressure_score",
    "line_synergy_score",
    "line_lead_pressure",
    "line_support_combo",
    "line_attack_combo",
    "race_line_entropy",
    "race_top3_std"
  ],
  "scaler": {
    "mean": [
      0.38125215970963755,
      0.1172456104341476,
      0.12763216017640372,
      0.39296594455811257,
      0.08745247148288972,
      0.31278604903014795,
      0.9731901140684411,
      -0.11830798479087452,
      2.159695817490494,
      2.6806083650190113,
      1.8403041825095057,
      0.7091254752851711,
      0.41825095057034223,
      0.41825095057034223,
      3.494296577946768,
      0.8992395437262357,
      1.0956273764258557,
      0.049429657794676805,
      0.33079847908745247,
      0.6324525768122752,
      0.3499868007303944,
      0.1164626028311632,
      1.6806083650190113,
      0.197015264643968,
      0.26884987636835306,
      0.197015264643968,
      0.03580481622306718,
      0.029150823827629905,
      0.9739207173918826,
      0.27400712995388077
    ],
    "scale": [
      0.2666505255649697,
      0.2114621723966442,
      0.1267723646618281,
      0.16295109643477698,
      0.19160379572035996,
      0.19287523459539505,
      0.4068234568868553,
      0.2656535527493174,
      1.0524148867175853,
      0.6731434196009642,
      0.8164021404929791,
      0.2736358721158344,
      0.49327182457276775,
      0.49327182457276775,
      0.8403816009619903,
      0.34376492934739794,
      0.1069357413901123,
      0.2167633888021175,
      0.4705006326466318,
      0.3549872833106284,
      0.23416212440586878,
      0.10004855474354919,
      0.6731434196009642,
      0.2294481171047734,
      0.24404528547753762,
      0.2294481171047734,
      0.10435802059164455,
      0.1467700309172531,
      0.24732696502386997,
      0.04967427560256947
    ]
  },
  "coefficients": [
    4.087784826263966,
    0.35591090854864105,
    -0.2225420015589989,
    -0.5099062025999902,
    0.30435160963439495,
    0.16030989769809456,
    -0.3355122490363576,
    0.1190127988916365,
    0.49868245441059195,
    0.38892340759095606,
    0.022309188032787253,
    -0.04399093165170674,
    0.3795895182687753,
    0.2252178123066869,
    0.16580631689037373,
    0.5913401734274778,
    0.23723295230587238,
    -0.2663392633908885,
    -0.028656317294020118,
    0.33585604081368126,
    -0.09570721938310328,
    -0.1936393207289642,
    0.38892340759095606,
    -0.4656585757826103,
    0.3236092158318596,
    -0.4656585757826103,
    -0.6460445532336049,
    0.18017975532473177,
    0.21125014601183542,
    0.08249494358212106
  ],
  "intercept": -0.888078329186848,
  "train_rows": 526,
  "train_races": 31,
  "min_train_rows": 220,
  "max_train_rows": 520
}